delivery_date,product_name,total_product_delivery
1/1/2023,Atlas Sneaker White,119
1/1/2023,Atlas Sneaker White,117
1/1/2023,Atlas Sneaker White,143
1/4/2023,Atlas Sneaker White,154
1/5/2023,Saki Sneakers - Soybean,121
1/8/2023,Saki Sneakers - Soybean,136
1/8/2023,Saki Sneakers - Soybean,177
1/8/2023,Saki Sneakers - Soybean,165
1/9/2023,Kotta Hybrid Sneakers - Skeleton,136
1/10/2023,Kotta Hybrid Sneakers - Skeleton,135
1/10/2023,Kotta Hybrid Sneakers - Skeleton,105
1/10/2023,Kotta Hybrid Sneakers - Skeleton,120
1/15/2023,Tiga Slip-On Sneakers - Cerulean Blue,126
1/20/2023,Tiga Slip-On Sneakers - Cerulean Blue,100
1/22/2023,Tiga Slip-On Sneakers - Cerulean Blue,118
1/25/2023,Tiga Slip-On Sneakers - Cerulean Blue,133
1/25/2023,Kevinswork x Bluesville Sakka Batik,119
1/26/2023,Kevinswork x Bluesville Sakka Batik,154
1/26/2023,Kevinswork x Bluesville Sakka Batik,149
1/27/2023,Kevinswork x Bluesville Sakka Batik,143
1/27/2023,Atlas Eceng Hi Top Sneaker White,175
1/28/2023,Atlas Eceng Hi Top Sneaker White,133
1/28/2023,Atlas Eceng Hi Top Sneaker White,123
2/1/2023,Atlas Eceng Hi Top Sneaker White,116
2/1/2023,Atlas Sneaker White,124
2/2/2023,Tiga Slip-On Sneakers - Cerulean Blue,141
2/3/2023,Saki Sneakers - Soybean,137
2/5/2023,Kevinswork x Bluesville Sakka Batik,157
2/5/2023,Tiga Slip-On Sneakers - Cerulean Blue,136
2/6/2023,Kotta Hybrid Sneakers - Skeleton,155
2/8/2023,Kotta Hybrid Sneakers - Skeleton,164
2/14/2023,Atlas Eceng Hi Top Sneaker White,202
2/18/2023,Tiga Slip-On Sneakers - Cerulean Blue,163
2/19/2023,Kevinswork x Bluesville Sakka Batik,131
2/20/2023,Kevinswork x Bluesville Sakka Batik,145
2/21/2023,Kotta Hybrid Sneakers - Skeleton,129
2/21/2023,Saki Sneakers - Soybean,145
2/23/2023,Atlas Eceng Hi Top Sneaker White,120
2/25/2023,Atlas Eceng Hi Top Sneaker White,144
2/26/2023,Saki Sneakers - Soybean,165
3/1/2023,Kevinswork x Bluesville Sakka Batik,166
3/2/2023,Tiga Slip-On Sneakers - Cerulean Blue,172
3/3/2023,Atlas Eceng Hi Top Sneaker White,182
3/5/2023,Atlas Sneaker White,180
3/5/2023,Atlas Sneaker White,151
3/7/2023,Atlas Sneaker White,146
3/8/2023,Saki Sneakers - Soybean,136
3/8/2023,Kotta Hybrid Sneakers - Skeleton,173
3/11/2023,Atlas Eceng Hi Top Sneaker White,157
3/13/2023,Atlas Eceng Hi Top Sneaker White,133
3/14/2023,Atlas Sneaker White,179
3/15/2023,Tiga Slip-On Sneakers - Cerulean Blue,166
3/17/2023,Saki Sneakers - Soybean,155
3/17/2023,Kevinswork x Bluesville Sakka Batik,189
3/18/2023,Tiga Slip-On Sneakers - Cerulean Blue,209
3/18/2023,Kotta Hybrid Sneakers - Skeleton,208
3/18/2023,Kotta Hybrid Sneakers - Skeleton,170
3/19/2023,Atlas Eceng Hi Top Sneaker White,162
3/19/2023,Tiga Slip-On Sneakers - Cerulean Blue,158
3/20/2023,Kevinswork x Bluesville Sakka Batik,182
3/22/2023,Kevinswork x Bluesville Sakka Batik,155
3/24/2023,Kotta Hybrid Sneakers - Skeleton,166
3/27/2023,Saki Sneakers - Soybean,167
3/27/2023,Atlas Eceng Hi Top Sneaker White,164
3/31/2023,Atlas Eceng Hi Top Sneaker White,187
3/31/2023,Saki Sneakers - Soybean,210
4/3/2023,Kevinswork x Bluesville Sakka Batik,202
4/5/2023,Tiga Slip-On Sneakers - Cerulean Blue,219
4/6/2023,Atlas Eceng Hi Top Sneaker White,199
4/6/2023,Atlas Sneaker White,167
4/6/2023,Atlas Sneaker White,168
4/7/2023,Atlas Sneaker White,201
4/7/2023,Saki Sneakers - Soybean,172
4/10/2023,Kotta Hybrid Sneakers - Skeleton,203
4/15/2023,Atlas Eceng Hi Top Sneaker White,155
4/16/2023,Tiga Slip-On Sneakers - Cerulean Blue,204
4/18/2023,Atlas Sneaker White,186
4/20/2023,Tiga Slip-On Sneakers - Cerulean Blue,195
4/22/2023,Saki Sneakers - Soybean,215
4/23/2023,Kevinswork x Bluesville Sakka Batik,185
4/24/2023,Tiga Slip-On Sneakers - Cerulean Blue,200
4/24/2023,Kotta Hybrid Sneakers - Skeleton,192
4/28/2023,Kotta Hybrid Sneakers - Skeleton,195
4/28/2023,Atlas Eceng Hi Top Sneaker White,180
5/1/2023,Tiga Slip-On Sneakers - Cerulean Blue,170
5/2/2023,Kevinswork x Bluesville Sakka Batik,182
5/3/2023,Kevinswork x Bluesville Sakka Batik,218
5/4/2023,Kotta Hybrid Sneakers - Skeleton,207
5/4/2023,Saki Sneakers - Soybean,187
5/5/2023,Atlas Eceng Hi Top Sneaker White,217
5/6/2023,Atlas Eceng Hi Top Sneaker White,225
5/9/2023,Saki Sneakers - Soybean,239
5/11/2023,Kevinswork x Bluesville Sakka Batik,203
5/14/2023,Tiga Slip-On Sneakers - Cerulean Blue,192
5/16/2023,Atlas Eceng Hi Top Sneaker White,177
5/19/2023,Atlas Sneaker White,176
5/19/2023,Atlas Sneaker White,197
5/23/2023,Atlas Sneaker White,203
5/24/2023,Saki Sneakers - Soybean,214
5/24/2023,Kotta Hybrid Sneakers - Skeleton,209
5/26/2023,Atlas Eceng Hi Top Sneaker White,184
5/28/2023,Atlas Eceng Hi Top Sneaker White,214
5/29/2023,Atlas Eceng Hi Top Sneaker White,229
5/29/2023,Atlas Eceng Hi Top Sneaker White,222
5/30/2023,Kotta Hybrid Sneakers - Skeleton,221
5/31/2023,Kotta Hybrid Sneakers - Skeleton,213
6/1/2023,Kotta Hybrid Sneakers - Skeleton,221
6/3/2023,Kotta Hybrid Sneakers - Skeleton,210
6/4/2023,Tiga Slip-On Sneakers - Cerulean Blue,207
6/7/2023,Tiga Slip-On Sneakers - Cerulean Blue,208
6/7/2023,Tiga Slip-On Sneakers - Cerulean Blue,196
6/9/2023,Tiga Slip-On Sneakers - Cerulean Blue,222
6/9/2023,Kevinswork x Bluesville Sakka Batik,216
6/9/2023,Kevinswork x Bluesville Sakka Batik,267
6/13/2023,Kevinswork x Bluesville Sakka Batik,241
6/15/2023,Kevinswork x Bluesville Sakka Batik,249
6/19/2023,Atlas Eceng Hi Top Sneaker White,233
6/20/2023,Atlas Eceng Hi Top Sneaker White,200
6/21/2023,Atlas Eceng Hi Top Sneaker White,220
6/21/2023,Atlas Eceng Hi Top Sneaker White,229
6/23/2023,Tiga Slip-On Sneakers - Cerulean Blue,225
6/25/2023,Tiga Slip-On Sneakers - Cerulean Blue,206
6/26/2023,Tiga Slip-On Sneakers - Cerulean Blue,256
7/4/2023,Atlas Sneaker White,211
7/5/2023,Atlas Sneaker White,234
7/8/2023,Atlas Sneaker White,273
7/8/2023,Tiga Slip-On Sneakers - Cerulean Blue,239
7/9/2023,Saki Sneakers - Soybean,246
7/10/2023,Kevinswork x Bluesville Sakka Batik,245
7/13/2023,Tiga Slip-On Sneakers - Cerulean Blue,220
7/14/2023,Kotta Hybrid Sneakers - Skeleton,190
7/15/2023,Kotta Hybrid Sneakers - Skeleton,229
7/16/2023,Atlas Eceng Hi Top Sneaker White,207
7/20/2023,Tiga Slip-On Sneakers - Cerulean Blue,237
7/22/2023,Kevinswork x Bluesville Sakka Batik,231
7/23/2023,Kevinswork x Bluesville Sakka Batik,266
7/23/2023,Kotta Hybrid Sneakers - Skeleton,223
7/23/2023,Saki Sneakers - Soybean,245
7/23/2023,Atlas Eceng Hi Top Sneaker White,276
7/26/2023,Atlas Eceng Hi Top Sneaker White,246
7/30/2023,Saki Sneakers - Soybean,257
7/30/2023,Kevinswork x Bluesville Sakka Batik,257
7/31/2023,Tiga Slip-On Sneakers - Cerulean Blue,199
7/31/2023,Atlas Eceng Hi Top Sneaker White,241
8/1/2023,Atlas Sneaker White,237
8/4/2023,Atlas Sneaker White,252
8/5/2023,Atlas Sneaker White,236
8/5/2023,Saki Sneakers - Soybean,233
8/5/2023,Kotta Hybrid Sneakers - Skeleton,253
8/7/2023,Tiga Slip-On Sneakers - Cerulean Blue,265
8/10/2023,Kevinswork x Bluesville Sakka Batik,278
8/11/2023,Kevinswork x Bluesville Sakka Batik,280
8/13/2023,Kevinswork x Bluesville Sakka Batik,253
8/13/2023,Kevinswork x Bluesville Sakka Batik,251
8/14/2023,Atlas Eceng Hi Top Sneaker White,238
8/16/2023,Atlas Eceng Hi Top Sneaker White,237
8/17/2023,Atlas Eceng Hi Top Sneaker White,271
8/18/2023,Atlas Eceng Hi Top Sneaker White,257
8/20/2023,Tiga Slip-On Sneakers - Cerulean Blue,247
8/21/2023,Tiga Slip-On Sneakers - Cerulean Blue,272
8/21/2023,Atlas Sneaker White,241
8/21/2023,Tiga Slip-On Sneakers - Cerulean Blue,282
8/22/2023,Saki Sneakers - Soybean,301
8/23/2023,Kevinswork x Bluesville Sakka Batik,273
8/23/2023,Tiga Slip-On Sneakers - Cerulean Blue,288
8/24/2023,Kotta Hybrid Sneakers - Skeleton,264
8/26/2023,Kotta Hybrid Sneakers - Skeleton,256
8/27/2023,Atlas Eceng Hi Top Sneaker White,287
8/27/2023,Tiga Slip-On Sneakers - Cerulean Blue,249
8/28/2023,Kevinswork x Bluesville Sakka Batik,249
8/28/2023,Kevinswork x Bluesville Sakka Batik,261
8/29/2023,Kotta Hybrid Sneakers - Skeleton,260
8/30/2023,Saki Sneakers - Soybean,264
8/31/2023,Atlas Eceng Hi Top Sneaker White,285
9/5/2023,Atlas Eceng Hi Top Sneaker White,298
9/5/2023,Saki Sneakers - Soybean,307
9/6/2023,Kevinswork x Bluesville Sakka Batik,284
9/6/2023,Tiga Slip-On Sneakers - Cerulean Blue,289
9/7/2023,Atlas Eceng Hi Top Sneaker White,250
9/10/2023,Atlas Sneaker White,309
9/12/2023,Atlas Sneaker White,273
9/13/2023,Atlas Sneaker White,257
9/14/2023,Saki Sneakers - Soybean,269
9/15/2023,Kotta Hybrid Sneakers - Skeleton,290
9/16/2023,Kotta Hybrid Sneakers - Skeleton,272
9/16/2023,Tiga Slip-On Sneakers - Cerulean Blue,301
9/18/2023,Tiga Slip-On Sneakers - Cerulean Blue,311
9/20/2023,Tiga Slip-On Sneakers - Cerulean Blue,304
9/20/2023,Tiga Slip-On Sneakers - Cerulean Blue,281
9/23/2023,Kevinswork x Bluesville Sakka Batik,255
9/23/2023,Kevinswork x Bluesville Sakka Batik,257
9/26/2023,Kevinswork x Bluesville Sakka Batik,291
9/30/2023,Kevinswork x Bluesville Sakka Batik,276
9/30/2023,Atlas Eceng Hi Top Sneaker White,261
10/3/2023,Atlas Eceng Hi Top Sneaker White,298
10/5/2023,Atlas Eceng Hi Top Sneaker White,299
10/6/2023,Atlas Eceng Hi Top Sneaker White,272
10/7/2023,Tiga Slip-On Sneakers - Cerulean Blue,303
10/8/2023,Tiga Slip-On Sneakers - Cerulean Blue,315
10/8/2023,Tiga Slip-On Sneakers - Cerulean Blue,298
10/9/2023,Atlas Sneaker White,309
10/10/2023,Atlas Sneaker White,296
10/13/2023,Atlas Sneaker White,290
10/17/2023,Atlas Sneaker White,304
10/23/2023,Kevinswork x Bluesville Sakka Batik,263
10/26/2023,Kotta Hybrid Sneakers - Skeleton,276
10/26/2023,Saki Sneakers - Soybean,313
10/26/2023,Atlas Eceng Hi Top Sneaker White,311
10/28/2023,Atlas Eceng Hi Top Sneaker White,303
10/28/2023,Saki Sneakers - Soybean,368
10/29/2023,Kevinswork x Bluesville Sakka Batik,333
10/31/2023,Tiga Slip-On Sneakers - Cerulean Blue,342
10/31/2023,Atlas Eceng Hi Top Sneaker White,328
11/1/2023,Atlas Sneaker White,308
11/2/2023,Atlas Sneaker White,279
11/2/2023,Atlas Sneaker White,310
11/5/2023,Saki Sneakers - Soybean,282
11/8/2023,Kotta Hybrid Sneakers - Skeleton,297
11/9/2023,Atlas Eceng Hi Top Sneaker White,308
11/14/2023,Tiga Slip-On Sneakers - Cerulean Blue,314
11/14/2023,Atlas Sneaker White,341
11/16/2023,Tiga Slip-On Sneakers - Cerulean Blue,293
11/16/2023,Saki Sneakers - Soybean,345
11/20/2023,Kevinswork x Bluesville Sakka Batik,311
11/20/2023,Tiga Slip-On Sneakers - Cerulean Blue,317
11/20/2023,Kotta Hybrid Sneakers - Skeleton,324
11/23/2023,Kotta Hybrid Sneakers - Skeleton,295
11/23/2023,Atlas Eceng Hi Top Sneaker White,293
11/25/2023,Tiga Slip-On Sneakers - Cerulean Blue,293
11/25/2023,Kevinswork x Bluesville Sakka Batik,321
11/29/2023,Kevinswork x Bluesville Sakka Batik,314
11/29/2023,Kotta Hybrid Sneakers - Skeleton,326
11/29/2023,Saki Sneakers - Soybean,317
11/29/2023,Atlas Eceng Hi Top Sneaker White,321
11/29/2023,Atlas Eceng Hi Top Sneaker White,377
12/2/2023,Saki Sneakers - Soybean,355
12/3/2023,Kevinswork x Bluesville Sakka Batik,304
12/3/2023,Tiga Slip-On Sneakers - Cerulean Blue,321
12/3/2023,Atlas Eceng Hi Top Sneaker White,294
12/4/2023,Atlas Sneaker White,332
12/5/2023,Atlas Sneaker White,302
12/9/2023,Atlas Sneaker White,319
12/10/2023,Saki Sneakers - Soybean,343
12/13/2023,Kotta Hybrid Sneakers - Skeleton,346
12/15/2023,Atlas Eceng Hi Top Sneaker White,308
12/16/2023,Atlas Eceng Hi Top Sneaker White,336
12/17/2023,Atlas Eceng Hi Top Sneaker White,348
12/23/2023,Atlas Eceng Hi Top Sneaker White,346
12/24/2023,Kotta Hybrid Sneakers - Skeleton,371
12/25/2023,Kotta Hybrid Sneakers - Skeleton,334
12/26/2023,Kotta Hybrid Sneakers - Skeleton,295
12/27/2023,Kotta Hybrid Sneakers - Skeleton,343
12/28/2023,Tiga Slip-On Sneakers - Cerulean Blue,356
12/28/2023,Tiga Slip-On Sneakers - Cerulean Blue,346
12/29/2023,Tiga Slip-On Sneakers - Cerulean Blue,323
1/1/2024,Tiga Slip-On Sneakers - Cerulean Blue,336
1/2/2024,Kevinswork x Bluesville Sakka Batik,355
1/2/2024,Kevinswork x Bluesville Sakka Batik,340
1/2/2024,Kevinswork x Bluesville Sakka Batik,371
1/3/2024,Kevinswork x Bluesville Sakka Batik,377
1/3/2024,Atlas Eceng Hi Top Sneaker White,340
1/4/2024,Atlas Eceng Hi Top Sneaker White,337
1/5/2024,Atlas Eceng Hi Top Sneaker White,275
1/5/2024,Atlas Eceng Hi Top Sneaker White,324
1/7/2024,Kotta Hybrid Sneakers - Skeleton,330
1/12/2024,Kotta Hybrid Sneakers - Skeleton,322
1/14/2024,Kotta Hybrid Sneakers - Skeleton,380
1/17/2024,Kotta Hybrid Sneakers - Skeleton,332
1/18/2024,Tiga Slip-On Sneakers - Cerulean Blue,340
1/19/2024,Tiga Slip-On Sneakers - Cerulean Blue,363
1/20/2024,Tiga Slip-On Sneakers - Cerulean Blue,396
1/20/2024,Saki Sneakers - Soybean,354
1/20/2024,Saki Sneakers - Soybean,382
1/22/2024,Saki Sneakers - Soybean,348
1/25/2024,Saki Sneakers - Soybean,319
1/25/2024,Kotta Hybrid Sneakers - Skeleton,356
1/27/2024,Kotta Hybrid Sneakers - Skeleton,347
1/29/2024,Atlas Sneaker White,342
1/29/2024,Atlas Sneaker White,367
2/4/2024,Atlas Sneaker White,358
2/6/2024,Saki Sneakers - Soybean,358
2/7/2024,Kotta Hybrid Sneakers - Skeleton,381
2/7/2024,Kotta Hybrid Sneakers - Skeleton,409
2/8/2024,Tiga Slip-On Sneakers - Cerulean Blue,367
2/12/2024,Tiga Slip-On Sneakers - Cerulean Blue,407
2/13/2024,Tiga Slip-On Sneakers - Cerulean Blue,329
2/14/2024,Tiga Slip-On Sneakers - Cerulean Blue,342
2/16/2024,Kevinswork x Bluesville Sakka Batik,368
2/16/2024,Kevinswork x Bluesville Sakka Batik,358
2/22/2024,Kevinswork x Bluesville Sakka Batik,351
2/22/2024,Kevinswork x Bluesville Sakka Batik,372
2/23/2024,Atlas Eceng Hi Top Sneaker White,366
2/24/2024,Atlas Eceng Hi Top Sneaker White,357
2/25/2024,Atlas Eceng Hi Top Sneaker White,394
2/25/2024,Atlas Eceng Hi Top Sneaker White,400
2/25/2024,Tiga Slip-On Sneakers - Cerulean Blue,385
2/26/2024,Tiga Slip-On Sneakers - Cerulean Blue,398
2/26/2024,Tiga Slip-On Sneakers - Cerulean Blue,373
2/27/2024,Atlas Sneaker White,367
2/28/2024,Atlas Sneaker White,379
2/29/2024,Atlas Sneaker White,352
3/1/2024,Atlas Sneaker White,362
3/2/2024,Kevinswork x Bluesville Sakka Batik,397
3/9/2024,Kotta Hybrid Sneakers - Skeleton,393
3/10/2024,Saki Sneakers - Soybean,376
3/10/2024,Atlas Eceng Hi Top Sneaker White,393
3/10/2024,Atlas Eceng Hi Top Sneaker White,424
3/11/2024,Saki Sneakers - Soybean,397
3/11/2024,Kevinswork x Bluesville Sakka Batik,403
3/11/2024,Tiga Slip-On Sneakers - Cerulean Blue,376
3/16/2024,Atlas Eceng Hi Top Sneaker White,361
3/16/2024,Atlas Sneaker White,396
3/17/2024,Atlas Sneaker White,386
3/20/2024,Atlas Sneaker White,393
3/21/2024,Saki Sneakers - Soybean,415
3/21/2024,Kotta Hybrid Sneakers - Skeleton,394
3/22/2024,Atlas Eceng Hi Top Sneaker White,397
3/25/2024,Tiga Slip-On Sneakers - Cerulean Blue,397
3/25/2024,Atlas Sneaker White,420
3/29/2024,Tiga Slip-On Sneakers - Cerulean Blue,414
3/30/2024,Saki Sneakers - Soybean,406
3/31/2024,Kevinswork x Bluesville Sakka Batik,398
4/2/2024,Tiga Slip-On Sneakers - Cerulean Blue,362
4/3/2024,Kotta Hybrid Sneakers - Skeleton,421
4/4/2024,Kotta Hybrid Sneakers - Skeleton,369
4/6/2024,Atlas Eceng Hi Top Sneaker White,373
4/8/2024,Tiga Slip-On Sneakers - Cerulean Blue,423
4/9/2024,Kevinswork x Bluesville Sakka Batik,416
4/10/2024,Kevinswork x Bluesville Sakka Batik,406
4/13/2024,Kotta Hybrid Sneakers - Skeleton,421
4/14/2024,Saki Sneakers - Soybean,425
4/15/2024,Atlas Eceng Hi Top Sneaker White,413
4/17/2024,Atlas Eceng Hi Top Sneaker White,416
4/19/2024,Saki Sneakers - Soybean,389
4/20/2024,Kevinswork x Bluesville Sakka Batik,399
4/21/2024,Tiga Slip-On Sneakers - Cerulean Blue,397
4/21/2024,Atlas Eceng Hi Top Sneaker White,382
4/21/2024,Atlas Sneaker White,396
4/22/2024,Atlas Sneaker White,422
4/22/2024,Atlas Sneaker White,405
4/22/2024,Saki Sneakers - Soybean,394
4/23/2024,Kotta Hybrid Sneakers - Skeleton,425
4/23/2024,Kotta Hybrid Sneakers - Skeleton,439
4/24/2024,Tiga Slip-On Sneakers - Cerulean Blue,429
4/26/2024,Tiga Slip-On Sneakers - Cerulean Blue,418
4/26/2024,Tiga Slip-On Sneakers - Cerulean Blue,412
4/27/2024,Tiga Slip-On Sneakers - Cerulean Blue,373
4/27/2024,Kevinswork x Bluesville Sakka Batik,388
5/1/2024,Kevinswork x Bluesville Sakka Batik,394
5/3/2024,Kevinswork x Bluesville Sakka Batik,408
5/5/2024,Kevinswork x Bluesville Sakka Batik,431
5/6/2024,Atlas Eceng Hi Top Sneaker White,446
5/11/2024,Atlas Eceng Hi Top Sneaker White,430
5/12/2024,Atlas Eceng Hi Top Sneaker White,429
5/16/2024,Atlas Eceng Hi Top Sneaker White,445
5/16/2024,Tiga Slip-On Sneakers - Cerulean Blue,431
5/17/2024,Tiga Slip-On Sneakers - Cerulean Blue,435
5/18/2024,Tiga Slip-On Sneakers - Cerulean Blue,415
5/19/2024,Atlas Sneaker White,410
5/20/2024,Atlas Sneaker White,407
5/21/2024,Atlas Sneaker White,422
5/22/2024,Atlas Sneaker White,444
5/22/2024,Saki Sneakers - Soybean,434
5/22/2024,Saki Sneakers - Soybean,440
5/24/2024,Kevinswork x Bluesville Sakka Batik,437
5/24/2024,Kevinswork x Bluesville Sakka Batik,436
5/25/2024,Kotta Hybrid Sneakers - Skeleton,459
5/28/2024,Saki Sneakers - Soybean,456
5/29/2024,Atlas Eceng Hi Top Sneaker White,447
5/30/2024,Atlas Eceng Hi Top Sneaker White,417
6/1/2024,Saki Sneakers - Soybean,415
6/2/2024,Kevinswork x Bluesville Sakka Batik,437
6/2/2024,Tiga Slip-On Sneakers - Cerulean Blue,446
6/2/2024,Atlas Eceng Hi Top Sneaker White,446
6/4/2024,Atlas Sneaker White,478
6/7/2024,Atlas Sneaker White,432
6/8/2024,Atlas Sneaker White,450
6/9/2024,Saki Sneakers - Soybean,454
6/12/2024,Kotta Hybrid Sneakers - Skeleton,498
6/13/2024,Atlas Eceng Hi Top Sneaker White,454
6/16/2024,Atlas Eceng Hi Top Sneaker White,443
6/19/2024,Atlas Sneaker White,430
6/19/2024,Tiga Slip-On Sneakers - Cerulean Blue,393
6/20/2024,Saki Sneakers - Soybean,432
6/21/2024,Kevinswork x Bluesville Sakka Batik,423
6/23/2024,Tiga Slip-On Sneakers - Cerulean Blue,444
6/26/2024,Kotta Hybrid Sneakers - Skeleton,461
6/30/2024,Kotta Hybrid Sneakers - Skeleton,482
6/30/2024,Atlas Eceng Hi Top Sneaker White,461
7/1/2024,Tiga Slip-On Sneakers - Cerulean Blue,453
7/3/2024,Kevinswork x Bluesville Sakka Batik,462
7/3/2024,Kevinswork x Bluesville Sakka Batik,484
7/5/2024,Kotta Hybrid Sneakers - Skeleton,445
7/7/2024,Saki Sneakers - Soybean,477
7/7/2024,Atlas Eceng Hi Top Sneaker White,453
7/8/2024,Atlas Eceng Hi Top Sneaker White,443
7/8/2024,Saki Sneakers - Soybean,419
7/10/2024,Kevinswork x Bluesville Sakka Batik,472
7/10/2024,Tiga Slip-On Sneakers - Cerulean Blue,465
7/13/2024,Atlas Eceng Hi Top Sneaker White,483
7/14/2024,Atlas Sneaker White,433
7/15/2024,Atlas Sneaker White,463
7/17/2024,Atlas Sneaker White,486
7/20/2024,Saki Sneakers - Soybean,487
7/21/2024,Kotta Hybrid Sneakers - Skeleton,469
7/23/2024,Atlas Eceng Hi Top Sneaker White,469
7/23/2024,Tiga Slip-On Sneakers - Cerulean Blue,429
7/24/2024,Atlas Sneaker White,458
8/1/2024,Tiga Slip-On Sneakers - Cerulean Blue,457
8/2/2024,Saki Sneakers - Soybean,469
8/2/2024,Kevinswork x Bluesville Sakka Batik,487
8/7/2024,Tiga Slip-On Sneakers - Cerulean Blue,457
8/14/2024,Kotta Hybrid Sneakers - Skeleton,444
8/14/2024,Kotta Hybrid Sneakers - Skeleton,501
8/15/2024,Atlas Eceng Hi Top Sneaker White,501
8/19/2024,Tiga Slip-On Sneakers - Cerulean Blue,485
8/20/2024,Kevinswork x Bluesville Sakka Batik,509
8/24/2024,Kevinswork x Bluesville Sakka Batik,471
8/24/2024,Kotta Hybrid Sneakers - Skeleton,473
8/29/2024,Saki Sneakers - Soybean,471
8/29/2024,Atlas Eceng Hi Top Sneaker White,496
8/30/2024,Atlas Eceng Hi Top Sneaker White,498
9/1/2024,Saki Sneakers - Soybean,483
9/4/2024,Kevinswork x Bluesville Sakka Batik,499
9/4/2024,Tiga Slip-On Sneakers - Cerulean Blue,487
9/6/2024,Atlas Eceng Hi Top Sneaker White,513
9/8/2024,Atlas Sneaker White,491
9/12/2024,Atlas Sneaker White,517
9/13/2024,Atlas Sneaker White,511
9/18/2024,Saki Sneakers - Soybean,453
9/22/2024,Kotta Hybrid Sneakers - Skeleton,447
9/23/2024,Atlas Eceng Hi Top Sneaker White,449
9/24/2024,Atlas Eceng Hi Top Sneaker White,471
9/24/2024,Atlas Eceng Hi Top Sneaker White,492
9/24/2024,Atlas Eceng Hi Top Sneaker White,519
9/25/2024,Kotta Hybrid Sneakers - Skeleton,496
9/26/2024,Kotta Hybrid Sneakers - Skeleton,512
9/28/2024,Kotta Hybrid Sneakers - Skeleton,481
9/30/2024,Kotta Hybrid Sneakers - Skeleton,490
10/1/2024,Tiga Slip-On Sneakers - Cerulean Blue,516
10/1/2024,Tiga Slip-On Sneakers - Cerulean Blue,511
10/1/2024,Tiga Slip-On Sneakers - Cerulean Blue,489
10/1/2024,Tiga Slip-On Sneakers - Cerulean Blue,444
10/7/2024,Kevinswork x Bluesville Sakka Batik,489
10/8/2024,Kevinswork x Bluesville Sakka Batik,465
10/8/2024,Kevinswork x Bluesville Sakka Batik,502
10/9/2024,Kevinswork x Bluesville Sakka Batik,512
10/11/2024,Atlas Eceng Hi Top Sneaker White,490
10/13/2024,Atlas Eceng Hi Top Sneaker White,490
10/14/2024,Atlas Eceng Hi Top Sneaker White,496
10/17/2024,Atlas Eceng Hi Top Sneaker White,525
10/17/2024,Tiga Slip-On Sneakers - Cerulean Blue,541
10/20/2024,Tiga Slip-On Sneakers - Cerulean Blue,501
10/23/2024,Tiga Slip-On Sneakers - Cerulean Blue,507
10/24/2024,Atlas Sneaker White,477
10/25/2024,Atlas Sneaker White,488
10/25/2024,Atlas Sneaker White,493
10/29/2024,Tiga Slip-On Sneakers - Cerulean Blue,486
10/29/2024,Saki Sneakers - Soybean,508
10/30/2024,Kevinswork x Bluesville Sakka Batik,497
11/1/2024,Tiga Slip-On Sneakers - Cerulean Blue,537
11/2/2024,Kotta Hybrid Sneakers - Skeleton,523
11/3/2024,Kotta Hybrid Sneakers - Skeleton,526
11/4/2024,Atlas Eceng Hi Top Sneaker White,540
11/4/2024,Tiga Slip-On Sneakers - Cerulean Blue,524
11/6/2024,Kevinswork x Bluesville Sakka Batik,506
11/6/2024,Kevinswork x Bluesville Sakka Batik,505
11/6/2024,Kotta Hybrid Sneakers - Skeleton,522
11/8/2024,Saki Sneakers - Soybean,497
11/11/2024,Atlas Eceng Hi Top Sneaker White,503
11/12/2024,Atlas Eceng Hi Top Sneaker White,523
11/12/2024,Saki Sneakers - Soybean,490
11/20/2024,Kevinswork x Bluesville Sakka Batik,495
11/22/2024,Tiga Slip-On Sneakers - Cerulean Blue,553
11/24/2024,Atlas Eceng Hi Top Sneaker White,571
11/25/2024,Atlas Sneaker White,543
11/30/2024,Atlas Sneaker White,544
12/1/2024,Atlas Sneaker White,524
12/3/2024,Saki Sneakers - Soybean,552
12/3/2024,Kotta Hybrid Sneakers - Skeleton,537
12/4/2024,Tiga Slip-On Sneakers - Cerulean Blue,513
12/6/2024,Kevinswork x Bluesville Sakka Batik,508
12/6/2024,Kevinswork x Bluesville Sakka Batik,513
12/6/2024,Kevinswork x Bluesville Sakka Batik,538
12/7/2024,Kevinswork x Bluesville Sakka Batik,516
12/7/2024,Atlas Eceng Hi Top Sneaker White,521
12/12/2024,Atlas Eceng Hi Top Sneaker White,547
12/14/2024,Atlas Eceng Hi Top Sneaker White,541
12/16/2024,Atlas Eceng Hi Top Sneaker White,571
12/17/2024,Tiga Slip-On Sneakers - Cerulean Blue,543
12/17/2024,Tiga Slip-On Sneakers - Cerulean Blue,515
12/18/2024,Atlas Sneaker White,553
12/21/2024,Tiga Slip-On Sneakers - Cerulean Blue,526
12/24/2024,Saki Sneakers - Soybean,519
12/24/2024,Kevinswork x Bluesville Sakka Batik,570
12/25/2024,Tiga Slip-On Sneakers - Cerulean Blue,553
12/29/2024,Kotta Hybrid Sneakers - Skeleton,522
12/29/2024,Kotta Hybrid Sneakers - Skeleton,550
12/30/2024,Atlas Eceng Hi Top Sneaker White,553
12/31/2024,Tiga Slip-On Sneakers - Cerulean Blue,546